modeloBombilla,tipoLampara,streetAddress,codigo,distrito,barrio,Longitude,Latitude
LBE002,http://vocab.linkeddata.es/datosabiertos/kos/urbanismo-infraestructuras/alumbrado-publico/tipo-lampara/descarga,CALLE DE LAS ERAS 3,20040016,Hortaleza,4,445648.48120000000,4480670.67020000000
LBE002,http://vocab.linkeddata.es/datosabiertos/kos/urbanismo-infraestructuras/alumbrado-publico/tipo-lampara/descarga,CALLE DE LAS ERAS 10,31024246,Hortaleza,4,445610.64160000000,4480740.99560000000
GLED001,http://vocab.linkeddata.es/datosabiertos/kos/urbanismo-infraestructuras/alumbrado-publico/tipo-lampara/led,PLAZA DE MAR DEL PLATA 12,11119324,Hortaleza,4,445680.7500000000,4480679.16380000000
FFLED005,http://vocab.linkeddata.es/datosabiertos/kos/urbanismo-infraestructuras/alumbrado-publico/tipo-lampara/led,CALLE DEL MAR AMARILLO 21,11119327,Hortaleza,4,445669.53530000000,4480644.66020000000
FFLED005,http://vocab.linkeddata.es/datosabiertos/kos/urbanismo-infraestructuras/alumbrado-publico/tipo-lampara/led,CALLE DEL MAR AMARILLO 19,11119326,Hortaleza,4,445651.16270000000,4480635.1820000000
FFLED005,http://vocab.linkeddata.es/datosabiertos/kos/urbanismo-infraestructuras/alumbrado-publico/tipo-lampara/led,CALLE DEL MAR AMARILLO 21,11119327,Hortaleza,4,445664.92230000000,4480631.22830000000
FFLED005,http://vocab.linkeddata.es/datosabiertos/kos/urbanismo-infraestructuras/alumbrado-publico/tipo-lampara/led,CALLE DEL MAR AMARILLO 12,11118983,Hortaleza,4,445641.82420000000,4480618.5200000000
FFLED005,http://vocab.linkeddata.es/datosabiertos/kos/urbanismo-infraestructuras/alumbrado-publico/tipo-lampara/led,CALLE DEL MAR DEL JAPON 34,11119126,Hortaleza,4,445666.43110000000,4480618.32760000000
FFLED005,http://vocab.linkeddata.es/datosabiertos/kos/urbanismo-infraestructuras/alumbrado-publico/tipo-lampara/led,CALLE DEL MAR DE OMAN 25,11119098,Hortaleza,4,445667.70050000000,4480623.84640000000
FFLED005,http://vocab.linkeddata.es/datosabiertos/kos/urbanismo-infraestructuras/alumbrado-publico/tipo-lampara/led,CALLE DEL MAR DE OMAN 25,11119098,Hortaleza,4,445675.13550000000,4480620.65690000000
FVLED002,http://vocab.linkeddata.es/datosabiertos/kos/urbanismo-infraestructuras/alumbrado-publico/tipo-lampara/led,CALLE DE LAS ERAS 9,11119314,Hortaleza,4,445602.13610000000,4480708.31830000000
FVLED002,http://vocab.linkeddata.es/datosabiertos/kos/urbanismo-infraestructuras/alumbrado-publico/tipo-lampara/led,CALLE DE LAS ERAS 9,11119314,Hortaleza,4,445597.67110000000,4480721.75070000000
FVLED002,http://vocab.linkeddata.es/datosabiertos/kos/urbanismo-infraestructuras/alumbrado-publico/tipo-lampara/led,CALLE DE LAS ERAS 7,11119313,Hortaleza,4,445599.30680000000,4480686.28000000000
FVLED002,http://vocab.linkeddata.es/datosabiertos/kos/urbanismo-infraestructuras/alumbrado-publico/tipo-lampara/led,CALLE DE LAS ERAS 7,11119313,Hortaleza,4,445625.33770000000,4480687.3070000000
FVLED002,http://vocab.linkeddata.es/datosabiertos/kos/urbanismo-infraestructuras/alumbrado-publico/tipo-lampara/led,CALLE DE LAS ERAS 7,11119313,Hortaleza,4,445617.60930000000,4480706.88790000000
FVLED002,http://vocab.linkeddata.es/datosabiertos/kos/urbanismo-infraestructuras/alumbrado-publico/tipo-lampara/led,CALLE DE LAS ERAS 9,11119314,Hortaleza,4,445597.92660000000,4480705.68380000000
FFLED006,http://vocab.linkeddata.es/datosabiertos/kos/urbanismo-infraestructuras/alumbrado-publico/tipo-lampara/led,CALLE DEL MAR AMARILLO 15,11119293,Hortaleza,4,445625.29520000000,4480613.4690000000
FFLED006,http://vocab.linkeddata.es/datosabiertos/kos/urbanismo-infraestructuras/alumbrado-publico/tipo-lampara/led,CALLE DEL MAR AMARILLO 8,11118979,Hortaleza,4,445614.94270000000,4480597.77830000000
FFLED006,http://vocab.linkeddata.es/datosabiertos/kos/urbanismo-infraestructuras/alumbrado-publico/tipo-lampara/led,CALLE DEL MAR AMARILLO 10,11118981,Hortaleza,4,445624.50870000000,4480598.55380000000
FFLED006,http://vocab.linkeddata.es/datosabiertos/kos/urbanismo-infraestructuras/alumbrado-publico/tipo-lampara/led,CALLE DEL MAR AMARILLO 6,11118977,Hortaleza,4,445609.85090000000,4480586.51050000000
FFLED006,http://vocab.linkeddata.es/datosabiertos/kos/urbanismo-infraestructuras/alumbrado-publico/tipo-lampara/led,CALLE DEL MAR AMARILLO 7,11119268,Hortaleza,4,445595.14850000000,4480586.10010000000
FFLED006,http://vocab.linkeddata.es/datosabiertos/kos/urbanismo-infraestructuras/alumbrado-publico/tipo-lampara/led,CALLE DEL MAR AMARILLO 5,11119267,Hortaleza,4,445580.61530000000,4480573.7230000000
FFLED006,http://vocab.linkeddata.es/datosabiertos/kos/urbanismo-infraestructuras/alumbrado-publico/tipo-lampara/led,CALLE DEL MAR AMARILLO 5,11119267,Hortaleza,4,445575.54240000000,4480578.8030000000
FFLED006,http://vocab.linkeddata.es/datosabiertos/kos/urbanismo-infraestructuras/alumbrado-publico/tipo-lampara/led,CALLE DEL MAR AMARILLO 1,11119265,Hortaleza,4,445563.3430000000,4480566.71510000000
FFLED006,http://vocab.linkeddata.es/datosabiertos/kos/urbanismo-infraestructuras/alumbrado-publico/tipo-lampara/led,PLAZA DEL DOCTOR CALVO PEREZ 7,11119263,Hortaleza,4,445535.56840000000,4480565.51510000000
FFLED006,http://vocab.linkeddata.es/datosabiertos/kos/urbanismo-infraestructuras/alumbrado-publico/tipo-lampara/led,PLAZA DEL DOCTOR CALVO PEREZ 5,11119261,Hortaleza,4,445516.56620000000,4480560.17090000000
FFLED006,http://vocab.linkeddata.es/datosabiertos/kos/urbanismo-infraestructuras/alumbrado-publico/tipo-lampara/led,CALLE DEL MAR NEGRO 4,11119287,Hortaleza,4,445495.2290000000,4480557.53140000000
FFLED006,http://vocab.linkeddata.es/datosabiertos/kos/urbanismo-infraestructuras/alumbrado-publico/tipo-lampara/led,CALLE DEL MAR NEGRO 6,11119288,Hortaleza,4,445467.83470000000,4480555.96320000000
FFLED006,http://vocab.linkeddata.es/datosabiertos/kos/urbanismo-infraestructuras/alumbrado-publico/tipo-lampara/led,CALLE DEL MAR NEGRO 10,11119290,Hortaleza,4,445446.28620000000,4480554.72030000000
FFLED003,http://vocab.linkeddata.es/datosabiertos/kos/urbanismo-infraestructuras/alumbrado-publico/tipo-lampara/led,PLAZA DEL DOCTOR CALVO PEREZ 4,20039998,Hortaleza,4,445510.4650000000,4480550.96140000000
FFLED003,http://vocab.linkeddata.es/datosabiertos/kos/urbanismo-infraestructuras/alumbrado-publico/tipo-lampara/led,CALLE DEL MAR NEGRO 3,11119178,Hortaleza,4,445481.21160000000,4480548.92060000000
FFLED003,http://vocab.linkeddata.es/datosabiertos/kos/urbanismo-infraestructuras/alumbrado-publico/tipo-lampara/led,CALLE DEL MAR DE KARA 44,11119200,Hortaleza,4,445458.93590000000,4480547.66170000000
LBE004,http://vocab.linkeddata.es/datosabiertos/kos/urbanismo-infraestructuras/alumbrado-publico/tipo-lampara/descarga,CALLE DE SILVANO 75,20065737,Hortaleza,3,445929.97790000000,4479311.350000000
LBE004,http://vocab.linkeddata.es/datosabiertos/kos/urbanismo-infraestructuras/alumbrado-publico/tipo-lampara/descarga,CALLE DE SILVANO 92,20066022,Hortaleza,2,445917.81590000000,4479287.46290000000
LBE003,http://vocab.linkeddata.es/datosabiertos/kos/urbanismo-infraestructuras/alumbrado-publico/tipo-lampara/descarga,CALLE DE LOS EMIGRANTES 15,31047138,Hortaleza,3,445926.52310000000,4479952.77770000000
LBE003,http://vocab.linkeddata.es/datosabiertos/kos/urbanismo-infraestructuras/alumbrado-publico/tipo-lampara/descarga,CALLE DE LOS EMIGRANTES 7,20156312,Hortaleza,3,445976.39200000000,4479835.54010000000
LBE003,http://vocab.linkeddata.es/datosabiertos/kos/urbanismo-infraestructuras/alumbrado-publico/tipo-lampara/descarga,CALLE DE LOS EMIGRANTES 7,20156312,Hortaleza,3,445987.92410000000,4479809.12780000000
LBE003,http://vocab.linkeddata.es/datosabiertos/kos/urbanismo-infraestructuras/alumbrado-publico/tipo-lampara/descarga,CALLE DE LOS EMIGRANTES 9,20156291,Hortaleza,3,445951.58400000000,4479893.42740000000
LBE003,http://vocab.linkeddata.es/datosabiertos/kos/urbanismo-infraestructuras/alumbrado-publico/tipo-lampara/descarga,CALLE DE LOS EMIGRANTES 15,31047138,Hortaleza,3,445939.35250000000,4479922.47230000000
LBE003,http://vocab.linkeddata.es/datosabiertos/kos/urbanismo-infraestructuras/alumbrado-publico/tipo-lampara/descarga,CALLE DE LOS EMIGRANTES 9,20156291,Hortaleza,3,445964.40930000000,4479863.50080000000
LBE003,http://vocab.linkeddata.es/datosabiertos/kos/urbanismo-infraestructuras/alumbrado-publico/tipo-lampara/descarga,AVENIDA DE MACHUPICHU 83,20065533,Hortaleza,2,446201.55620000000,4479121.88050000000
LBE003,http://vocab.linkeddata.es/datosabiertos/kos/urbanismo-infraestructuras/alumbrado-publico/tipo-lampara/descarga,AVENIDA DE MACHUPICHU 81,20065530,Hortaleza,2,446239.49890000000,4479127.60620000000
LBE003,http://vocab.linkeddata.es/datosabiertos/kos/urbanismo-infraestructuras/alumbrado-publico/tipo-lampara/descarga,AVENIDA DE MACHUPICHU 83,20065533,Hortaleza,2,446208.45740000000,4479144.61870000000
LBE003,http://vocab.linkeddata.es/datosabiertos/kos/urbanismo-infraestructuras/alumbrado-publico/tipo-lampara/descarga,CALLE DE LOS EMIGRANTES 24,20156309,Hortaleza,3,445913.47370000000,4479983.60260000000
GLED001,http://vocab.linkeddata.es/datosabiertos/kos/urbanismo-infraestructuras/alumbrado-publico/tipo-lampara/led,CALLE DE LOS EMIGRANTES 7,20156312,Hortaleza,3,445962.56160000000,4479840.79140000000
GLED001,http://vocab.linkeddata.es/datosabiertos/kos/urbanismo-infraestructuras/alumbrado-publico/tipo-lampara/led,CALLE DE LOS EMIGRANTES 7,20156312,Hortaleza,3,445970.47170000000,4479822.8910000000
LBE004,http://vocab.linkeddata.es/datosabiertos/kos/urbanismo-infraestructuras/alumbrado-publico/tipo-lampara/descarga,AVENIDA DE MACHUPICHU 87,20065539,Hortaleza,2,446168.12080000000,4479152.78070000000
LBE003,http://vocab.linkeddata.es/datosabiertos/kos/urbanismo-infraestructuras/alumbrado-publico/tipo-lampara/descarga,CALLE DE LOS EMIGRANTES 4,31008292,Hortaleza,3,446051.34880000000,4479658.44500000000
LBE003,http://vocab.linkeddata.es/datosabiertos/kos/urbanismo-infraestructuras/alumbrado-publico/tipo-lampara/descarga,CALLE DE LOS EMIGRANTES 5,20156288,Hortaleza,3,446021.88630000000,4479727.49350000000
GLED001,http://vocab.linkeddata.es/datosabiertos/kos/urbanismo-infraestructuras/alumbrado-publico/tipo-lampara/led,AVENIDA DE MACHUPICHU 66,20065665,Hortaleza,3,446145.90110000000,4479477.29070000000
LBE003,http://vocab.linkeddata.es/datosabiertos/kos/urbanismo-infraestructuras/alumbrado-publico/tipo-lampara/descarga,CALLE DE SILVANO 77,20065740,Hortaleza,3,446113.21350000000,4479323.31950000000
LBE003,http://vocab.linkeddata.es/datosabiertos/kos/urbanismo-infraestructuras/alumbrado-publico/tipo-lampara/descarga,AVENIDA DE MACHUPICHU 68,20065668,Hortaleza,3,446111.28810000000,4479513.39220000000
LBE003,http://vocab.linkeddata.es/datosabiertos/kos/urbanismo-infraestructuras/alumbrado-publico/tipo-lampara/descarga,AVENIDA DE MACHUPICHU 64,20065662,Hortaleza,3,446145.21280000000,4479425.76890000000
LBE003,http://vocab.linkeddata.es/datosabiertos/kos/urbanismo-infraestructuras/alumbrado-publico/tipo-lampara/descarga,AVENIDA DE MACHUPICHU 97,20065554,Hortaleza,2,446148.81120000000,4479285.92530000000
LBE003,http://vocab.linkeddata.es/datosabiertos/kos/urbanismo-infraestructuras/alumbrado-publico/tipo-lampara/descarga,AVENIDA DE MACHUPICHU 99,20065557,Hortaleza,3,446121.80220000000,4479378.21960000000
LBE003,http://vocab.linkeddata.es/datosabiertos/kos/urbanismo-infraestructuras/alumbrado-publico/tipo-lampara/descarga,AVENIDA DE MACHUPICHU 91,20065545,Hortaleza,2,446142.72430000000,4479189.84910000000
LBE003,http://vocab.linkeddata.es/datosabiertos/kos/urbanismo-infraestructuras/alumbrado-publico/tipo-lampara/descarga,AVENIDA DE MACHUPICHU 64,20065662,Hortaleza,3,446122.32930000000,4479432.35610000000
LBE003,http://vocab.linkeddata.es/datosabiertos/kos/urbanismo-infraestructuras/alumbrado-publico/tipo-lampara/descarga,AVENIDA DE MACHUPICHU 97,20065554,Hortaleza,2,446120.51490000000,4479271.35730000000
LBE003,http://vocab.linkeddata.es/datosabiertos/kos/urbanismo-infraestructuras/alumbrado-publico/tipo-lampara/descarga,AVENIDA DE MACHUPICHU 68,20065668,Hortaleza,3,446128.71420000000,4479530.32530000000
LBE003,http://vocab.linkeddata.es/datosabiertos/kos/urbanismo-infraestructuras/alumbrado-publico/tipo-lampara/descarga,CALLE DEL TIBERIADES 2,11116896,Hortaleza,3,446032.86730000000,4479598.3220000000
LBE003,http://vocab.linkeddata.es/datosabiertos/kos/urbanismo-infraestructuras/alumbrado-publico/tipo-lampara/descarga,CALLE DEL TIBERIADES 4,11116897,Hortaleza,3,446008.97120000000,4479575.8580000000
LBE004,http://vocab.linkeddata.es/datosabiertos/kos/urbanismo-infraestructuras/alumbrado-publico/tipo-lampara/descarga,CALLE DE SILVANO 90,20066019,Hortaleza,2,445881.88530000000,4479275.43450000000
LBE004,http://vocab.linkeddata.es/datosabiertos/kos/urbanismo-infraestructuras/alumbrado-publico/tipo-lampara/descarga,CALLE DE SILVANO 100,20066034,Hortaleza,2,446009.73580000000,4479298.79640000000
LBE004,http://vocab.linkeddata.es/datosabiertos/kos/urbanismo-infraestructuras/alumbrado-publico/tipo-lampara/descarga,CALLE DE SILVANO 77,20065740,Hortaleza,3,446099.99610000000,4479316.1120000000
LBE002,http://vocab.linkeddata.es/datosabiertos/kos/urbanismo-infraestructuras/alumbrado-publico/tipo-lampara/descarga,CALLE DE MOTA DEL CUERVO 2,11116901,Hortaleza,3,446150.11540000000,4479580.13350000000
LBE004,http://vocab.linkeddata.es/datosabiertos/kos/urbanismo-infraestructuras/alumbrado-publico/tipo-lampara/descarga,CALLE DE SILVANO 94,20066025,Hortaleza,2,445954.3860000000,4479295.6040000000
LBE004,http://vocab.linkeddata.es/datosabiertos/kos/urbanismo-infraestructuras/alumbrado-publico/tipo-lampara/descarga,CALLE DE SILVANO 96,20066028,Hortaleza,2,445978.96030000000,4479316.94760000000
LBE004,http://vocab.linkeddata.es/datosabiertos/kos/urbanismo-infraestructuras/alumbrado-publico/tipo-lampara/descarga,CALLE DE SILVANO 88,20066016,Hortaleza,2,445852.45670000000,4479262.40370000000
LBE004,http://vocab.linkeddata.es/datosabiertos/kos/urbanismo-infraestructuras/alumbrado-publico/tipo-lampara/descarga,CALLE DE EL ALGABEÑO 2,20053691,Hortaleza,2,445897.96750000000,4479280.64090000000
GLED001,http://vocab.linkeddata.es/datosabiertos/kos/urbanismo-infraestructuras/alumbrado-publico/tipo-lampara/led,AVENIDA DE MACHUPICHU 68,20065668,Hortaleza,3,446127.56910000000,4479555.83450000000
LBE004,http://vocab.linkeddata.es/datosabiertos/kos/urbanismo-infraestructuras/alumbrado-publico/tipo-lampara/descarga,CALLE DE SILVANO 102,20066037,Hortaleza,2,446068.78140000000,4479298.25000000000
LBE003,http://vocab.linkeddata.es/datosabiertos/kos/urbanismo-infraestructuras/alumbrado-publico/tipo-lampara/descarga,CALLE DE LOS EMIGRANTES 5,20156288,Hortaleza,3,446009.96270000000,4479755.43760000000
LBE003,http://vocab.linkeddata.es/datosabiertos/kos/urbanismo-infraestructuras/alumbrado-publico/tipo-lampara/descarga,CALLE DE LOS EMIGRANTES 3,11117163,Hortaleza,3,446041.49800000000,4479681.53130000000
LBE003,http://vocab.linkeddata.es/datosabiertos/kos/urbanismo-infraestructuras/alumbrado-publico/tipo-lampara/descarga,CALLE DE LOS EMIGRANTES 1,20142068,Hortaleza,3,446065.49880000000,4479625.25440000000
LBE003,http://vocab.linkeddata.es/datosabiertos/kos/urbanismo-infraestructuras/alumbrado-publico/tipo-lampara/descarga,CALLE DE LOS EMIGRANTES 1,20142068,Hortaleza,3,446068.45820000000,4479604.30710000000
LBE003,http://vocab.linkeddata.es/datosabiertos/kos/urbanismo-infraestructuras/alumbrado-publico/tipo-lampara/descarga,CALLE DE LOS EMIGRANTES 3,11117163,Hortaleza,3,446031.37890000000,4479705.24650000000
LBE003,http://vocab.linkeddata.es/datosabiertos/kos/urbanismo-infraestructuras/alumbrado-publico/tipo-lampara/descarga,CALLE DE LOS EMIGRANTES 12,20156300,Hortaleza,3,445998.51350000000,4479782.38270000000
LBE003,http://vocab.linkeddata.es/datosabiertos/kos/urbanismo-infraestructuras/alumbrado-publico/tipo-lampara/descarga,AVENIDA DE MACHUPICHU 68,20065668,Hortaleza,3,446117.20480000000,4479562.53840000000
LBE003,http://vocab.linkeddata.es/datosabiertos/kos/urbanismo-infraestructuras/alumbrado-publico/tipo-lampara/descarga,AVENIDA DE MACHUPICHU 105,20065566,Hortaleza,3,446087.12460000000,4479565.55880000000
LBE003,http://vocab.linkeddata.es/datosabiertos/kos/urbanismo-infraestructuras/alumbrado-publico/tipo-lampara/descarga,AVENIDA DE MACHUPICHU 58,20065653,Hortaleza,3,446144.69740000000,4479393.7370000000
LBE003,http://vocab.linkeddata.es/datosabiertos/kos/urbanismo-infraestructuras/alumbrado-publico/tipo-lampara/descarga,AVENIDA DE MACHUPICHU 95,20065551,Hortaleza,2,446144.49320000000,4479257.47690000000
LBE003,http://vocab.linkeddata.es/datosabiertos/kos/urbanismo-infraestructuras/alumbrado-publico/tipo-lampara/descarga,AVENIDA DE MACHUPICHU 95,20065551,Hortaleza,2,446123.85950000000,4479241.65860000000
LBE003,http://vocab.linkeddata.es/datosabiertos/kos/urbanismo-infraestructuras/alumbrado-publico/tipo-lampara/descarga,CALLE DE SILVANO 97,20065770,Hortaleza,3,446149.10350000000,4479325.53720000000
LBE003,http://vocab.linkeddata.es/datosabiertos/kos/urbanismo-infraestructuras/alumbrado-publico/tipo-lampara/descarga,AVENIDA DE MACHUPICHU 99,20065557,Hortaleza,3,446144.22830000000,4479352.15370000000
LBE003,http://vocab.linkeddata.es/datosabiertos/kos/urbanismo-infraestructuras/alumbrado-publico/tipo-lampara/descarga,AVENIDA DE MACHUPICHU 56,20065650,Hortaleza,2,446154.94780000000,4479216.93210000000
LBE003,http://vocab.linkeddata.es/datosabiertos/kos/urbanismo-infraestructuras/alumbrado-publico/tipo-lampara/descarga,AVENIDA DE MACHUPICHU 89,20065542,Hortaleza,2,446175.73580000000,4479179.13640000000
LBE003,http://vocab.linkeddata.es/datosabiertos/kos/urbanismo-infraestructuras/alumbrado-publico/tipo-lampara/descarga,AVENIDA DE MACHUPICHU 99,20065557,Hortaleza,3,446121.47370000000,4479341.25470000000
LBE003,http://vocab.linkeddata.es/datosabiertos/kos/urbanismo-infraestructuras/alumbrado-publico/tipo-lampara/descarga,AVENIDA DE MACHUPICHU 66,20065665,Hortaleza,3,446142.66390000000,4479469.95960000000
LBE003,http://vocab.linkeddata.es/datosabiertos/kos/urbanismo-infraestructuras/alumbrado-publico/tipo-lampara/descarga,AVENIDA DE MACHUPICHU 105,20065566,Hortaleza,3,446044.44600000000,4479572.20140000000
LBE003,http://vocab.linkeddata.es/datosabiertos/kos/urbanismo-infraestructuras/alumbrado-publico/tipo-lampara/descarga,CALLE DEL TIBERIADES 2,11116896,Hortaleza,3,446052.70080000000,4479597.51250000000
LBE002,http://vocab.linkeddata.es/datosabiertos/kos/urbanismo-infraestructuras/alumbrado-publico/tipo-lampara/descarga,CALLE DE TREFACIO 6,11117091,Hortaleza,3,446128.20700000000,4479583.58290000000
GLED001,http://vocab.linkeddata.es/datosabiertos/kos/urbanismo-infraestructuras/alumbrado-publico/tipo-lampara/led,AVENIDA DE MACHUPICHU 83,20065533,Hortaleza,2,446217.22000000000,4479156.24750000000
GLED001,http://vocab.linkeddata.es/datosabiertos/kos/urbanismo-infraestructuras/alumbrado-publico/tipo-lampara/led,AVENIDA DE MACHUPICHU 85,20065536,Hortaleza,2,446205.56370000000,4479158.94280000000
GLED001,http://vocab.linkeddata.es/datosabiertos/kos/urbanismo-infraestructuras/alumbrado-publico/tipo-lampara/led,AVENIDA DE MACHUPICHU 56,20065650,Hortaleza,2,446202.15860000000,4479193.96470000000
GLED001,http://vocab.linkeddata.es/datosabiertos/kos/urbanismo-infraestructuras/alumbrado-publico/tipo-lampara/led,AVENIDA DE MACHUPICHU 56,20065650,Hortaleza,2,446169.58140000000,4479205.96760000000
GLED001,http://vocab.linkeddata.es/datosabiertos/kos/urbanismo-infraestructuras/alumbrado-publico/tipo-lampara/led,AVENIDA DE MACHUPICHU 56,20065650,Hortaleza,2,446168.96790000000,4479217.74270000000
GLED001,http://vocab.linkeddata.es/datosabiertos/kos/urbanismo-infraestructuras/alumbrado-publico/tipo-lampara/led,AVENIDA DE MACHUPICHU 95,20065551,Hortaleza,2,446153.64000000000,4479260.77590000000
GLED001,http://vocab.linkeddata.es/datosabiertos/kos/urbanismo-infraestructuras/alumbrado-publico/tipo-lampara/led,AVENIDA DE MACHUPICHU 95,20065551,Hortaleza,2,446159.34650000000,4479273.69030000000
LBE003,http://vocab.linkeddata.es/datosabiertos/kos/urbanismo-infraestructuras/alumbrado-publico/tipo-lampara/descarga,AVENIDA DE MACHUPICHU 66,20065665,Hortaleza,3,446118.93360000000,4479477.44270000000
GLED001,http://vocab.linkeddata.es/datosabiertos/kos/urbanismo-infraestructuras/alumbrado-publico/tipo-lampara/led,CALLE DE SILVANO 97,20065770,Hortaleza,3,446172.42370000000,4479265.12150000000
GLED001,http://vocab.linkeddata.es/datosabiertos/kos/urbanismo-infraestructuras/alumbrado-publico/tipo-lampara/led,AVENIDA DE MACHUPICHU 87,20065539,Hortaleza,2,446189.58030000000,4479173.50010000000
GLED001,http://vocab.linkeddata.es/datosabiertos/kos/urbanismo-infraestructuras/alumbrado-publico/tipo-lampara/led,AVENIDA DE MACHUPICHU 56,20065650,Hortaleza,2,446187.3520000000,4479215.54880000000
LBE003,http://vocab.linkeddata.es/datosabiertos/kos/urbanismo-infraestructuras/alumbrado-publico/tipo-lampara/descarga,AVENIDA DE MACHUPICHU 105,20065566,Hortaleza,3,446070.83180000000,4479573.91230000000
LBE004,http://vocab.linkeddata.es/datosabiertos/kos/urbanismo-infraestructuras/alumbrado-publico/tipo-lampara/descarga,CALLE DE SILVANO 100,20066034,Hortaleza,2,446038.46410000000,4479316.83350000000
LBE003,http://vocab.linkeddata.es/datosabiertos/kos/urbanismo-infraestructuras/alumbrado-publico/tipo-lampara/descarga,AVENIDA DE MACHUPICHU 97,20065554,Hortaleza,2,446105.49740000000,4479295.63370000000
LBE003,http://vocab.linkeddata.es/datosabiertos/kos/urbanismo-infraestructuras/alumbrado-publico/tipo-lampara/descarga,AVENIDA DE MACHUPICHU 68,20065668,Hortaleza,3,446102.64680000000,4479535.4970000000
GLED001,http://vocab.linkeddata.es/datosabiertos/kos/urbanismo-infraestructuras/alumbrado-publico/tipo-lampara/led,AVENIDA DE MACHUPICHU 85,20065536,Hortaleza,2,446202.14760000000,4479168.95310000000
GLED001,http://vocab.linkeddata.es/datosabiertos/kos/urbanismo-infraestructuras/alumbrado-publico/tipo-lampara/led,AVENIDA DE MACHUPICHU 56,20065650,Hortaleza,2,446180.47130000000,4479241.5840000000
GLED001,http://vocab.linkeddata.es/datosabiertos/kos/urbanismo-infraestructuras/alumbrado-publico/tipo-lampara/led,AVENIDA DE MACHUPICHU 95,20065551,Hortaleza,2,446159.670000000,4479255.23520000000
GLED001,http://vocab.linkeddata.es/datosabiertos/kos/urbanismo-infraestructuras/alumbrado-publico/tipo-lampara/led,AVENIDA DE MACHUPICHU 56,20065650,Hortaleza,2,446150.93690000000,4479232.48700000000
GLED001,http://vocab.linkeddata.es/datosabiertos/kos/urbanismo-infraestructuras/alumbrado-publico/tipo-lampara/led,AVENIDA DE MACHUPICHU 87,20065539,Hortaleza,2,446181.34150000000,4479178.35790000000
GLED001,http://vocab.linkeddata.es/datosabiertos/kos/urbanismo-infraestructuras/alumbrado-publico/tipo-lampara/led,AVENIDA DE MACHUPICHU 56,20065650,Hortaleza,2,446177.64020000000,4479200.65670000000
LBE003,http://vocab.linkeddata.es/datosabiertos/kos/urbanismo-infraestructuras/alumbrado-publico/tipo-lampara/descarga,CALLE DEL TIBERIADES 4,11116897,Hortaleza,3,445998.71270000000,4479598.86510000000
GLED001,http://vocab.linkeddata.es/datosabiertos/kos/urbanismo-infraestructuras/alumbrado-publico/tipo-lampara/led,CALLE DE DIONISIO INCA YUPANQUI 2,20055342,Hortaleza,2,446216.39080000000,4479174.58380000000
GLED001,http://vocab.linkeddata.es/datosabiertos/kos/urbanismo-infraestructuras/alumbrado-publico/tipo-lampara/led,AVENIDA DE MACHUPICHU 83,20065533,Hortaleza,2,446223.69870000000,4479141.97510000000
GLED001,http://vocab.linkeddata.es/datosabiertos/kos/urbanismo-infraestructuras/alumbrado-publico/tipo-lampara/led,AVENIDA DE MACHUPICHU 56,20065650,Hortaleza,2,446161.64140000000,4479224.87300000000
GLED004,http://vocab.linkeddata.es/datosabiertos/kos/urbanismo-infraestructuras/alumbrado-publico/tipo-lampara/led,AVENIDA DE MACHUPICHU 66,20065665,Hortaleza,3,446136.47970000000,4479503.57590000000
LBE004,http://vocab.linkeddata.es/datosabiertos/kos/urbanismo-infraestructuras/alumbrado-publico/tipo-lampara/descarga,CALLE DE SILVANO 75,20065737,Hortaleza,3,445892.80760000000,4479311.5960000000
GLED001,http://vocab.linkeddata.es/datosabiertos/kos/urbanismo-infraestructuras/alumbrado-publico/tipo-lampara/led,CALLE DE LOS EMIGRANTES 9,20156291,Hortaleza,3,445944.64020000000,4479883.16410000000
GLED001,http://vocab.linkeddata.es/datosabiertos/kos/urbanismo-infraestructuras/alumbrado-publico/tipo-lampara/led,CALLE DE LOS EMIGRANTES 7,20156312,Hortaleza,3,445976.66260000000,4479807.45160000000
GLED001,http://vocab.linkeddata.es/datosabiertos/kos/urbanismo-infraestructuras/alumbrado-publico/tipo-lampara/led,CALLE DE TORQUEMADA 28,11117220,Hortaleza,3,445936.57820000000,4479902.22550000000
GLED001,http://vocab.linkeddata.es/datosabiertos/kos/urbanismo-infraestructuras/alumbrado-publico/tipo-lampara/led,CALLE DE LOS EMIGRANTES 9,20156291,Hortaleza,3,445952.93250000000,4479863.55810000000
FFLED005,http://vocab.linkeddata.es/datosabiertos/kos/urbanismo-infraestructuras/alumbrado-publico/tipo-lampara/led,CALLE DEL MAR DE OMAN 25,11119098,Hortaleza,4,445687.8360000000,4480615.31400000000
FFLED005,http://vocab.linkeddata.es/datosabiertos/kos/urbanismo-infraestructuras/alumbrado-publico/tipo-lampara/led,CALLE DEL MAR DE OMAN 23,11119096,Hortaleza,4,445695.50450000000,4480602.72580000000
FFLED005,http://vocab.linkeddata.es/datosabiertos/kos/urbanismo-infraestructuras/alumbrado-publico/tipo-lampara/led,CALLE DEL MAR DEL JAPON 32,11119124,Hortaleza,4,445669.12530000000,4480590.98130000000
FFLED005,http://vocab.linkeddata.es/datosabiertos/kos/urbanismo-infraestructuras/alumbrado-publico/tipo-lampara/led,CALLE DEL MAR DEL JAPON 15,11119218,Hortaleza,4,445656.31200000000,4480581.74440000000
FFLED005,http://vocab.linkeddata.es/datosabiertos/kos/urbanismo-infraestructuras/alumbrado-publico/tipo-lampara/led,CALLE DEL MAR DE OMAN 26,11119068,Hortaleza,4,445708.74470000000,4480595.26840000000
FFLED005,http://vocab.linkeddata.es/datosabiertos/kos/urbanismo-infraestructuras/alumbrado-publico/tipo-lampara/led,CALLE DEL MAR DE OMAN 19,11119092,Hortaleza,4,445706.88480000000,4480579.89670000000
FFLED005,http://vocab.linkeddata.es/datosabiertos/kos/urbanismo-infraestructuras/alumbrado-publico/tipo-lampara/led,CALLE DEL MAR DE OMAN 17,11119090,Hortaleza,4,445710.96460000000,4480561.43550000000
FFLED005,http://vocab.linkeddata.es/datosabiertos/kos/urbanismo-infraestructuras/alumbrado-publico/tipo-lampara/led,CALLE DEL MAR DE OMAN 16,11119060,Hortaleza,4,445716.94430000000,4480543.71760000000
FFLED005,http://vocab.linkeddata.es/datosabiertos/kos/urbanismo-infraestructuras/alumbrado-publico/tipo-lampara/led,CALLE DEL MAR DE OMAN 11,11119084,Hortaleza,4,445707.77600000000,4480530.87260000000
FFLED005,http://vocab.linkeddata.es/datosabiertos/kos/urbanismo-infraestructuras/alumbrado-publico/tipo-lampara/led,CALLE DEL MAR DEL JAPON 26,11119118,Hortaleza,4,445661.15330000000,4480562.93630000000
FFLED005,http://vocab.linkeddata.es/datosabiertos/kos/urbanismo-infraestructuras/alumbrado-publico/tipo-lampara/led,CALLE DEL MAR DEL JAPON 13,31008951,Hortaleza,4,445649.40510000000,4480560.32140000000
FFLED005,http://vocab.linkeddata.es/datosabiertos/kos/urbanismo-infraestructuras/alumbrado-publico/tipo-lampara/led,CALLE DEL MAR DEL JAPON 22,11119114,Hortaleza,4,445657.31740000000,4480551.310000000
FFLED005,http://vocab.linkeddata.es/datosabiertos/kos/urbanismo-infraestructuras/alumbrado-publico/tipo-lampara/led,CALLE DEL MAR DEL JAPON 20,11119112,Hortaleza,4,445653.56730000000,4480539.33640000000
FFLED005,http://vocab.linkeddata.es/datosabiertos/kos/urbanismo-infraestructuras/alumbrado-publico/tipo-lampara/led,CALLE DEL MAR MEDITERRANEO 6,20040012,Hortaleza,4,445619.92990000000,4480536.43560000000
FFLED005,http://vocab.linkeddata.es/datosabiertos/kos/urbanismo-infraestructuras/alumbrado-publico/tipo-lampara/led,CALLE DEL MAR MEDITERRANEO 9,11119166,Hortaleza,4,445601.56780000000,4480537.54680000000
FFLED005,http://vocab.linkeddata.es/datosabiertos/kos/urbanismo-infraestructuras/alumbrado-publico/tipo-lampara/led,PLAZA DEL DOCTOR CALVO PEREZ 2,11119214,Hortaleza,4,445556.21810000000,4480540.24560000000
FFLED005,http://vocab.linkeddata.es/datosabiertos/kos/urbanismo-infraestructuras/alumbrado-publico/tipo-lampara/led,CALLE DEL MAR MEDITERRANEO 4,11119142,Hortaleza,4,445588.67820000000,4480538.11130000000
FFLED002,http://vocab.linkeddata.es/datosabiertos/kos/urbanismo-infraestructuras/alumbrado-publico/tipo-lampara/led,CALLE DEL MAR CANTABRICO 9,11118999,Hortaleza,4,445540.20000000000,4480495.80000000000
FFLED005,http://vocab.linkeddata.es/datosabiertos/kos/urbanismo-infraestructuras/alumbrado-publico/tipo-lampara/led,CALLE DEL MAR CANTABRICO 11,11119001,Hortaleza,4,445540.10460000000,4480487.22470000000
FFLED005,http://vocab.linkeddata.es/datosabiertos/kos/urbanismo-infraestructuras/alumbrado-publico/tipo-lampara/led,CALLE DEL MAR CASPIO 51,20086336,Hortaleza,4,445522.79950000000,4480484.17820000000
FFLED005,http://vocab.linkeddata.es/datosabiertos/kos/urbanismo-infraestructuras/alumbrado-publico/tipo-lampara/led,CALLE DEL MAR CASPIO 47,20086330,Hortaleza,4,445506.25180000000,4480483.45810000000
FFLED005,http://vocab.linkeddata.es/datosabiertos/kos/urbanismo-infraestructuras/alumbrado-publico/tipo-lampara/led,CALLE DEL MAR CANTABRICO 4,20151216,Hortaleza,4,445533.2390000000,4480513.86980000000
FFLED005,http://vocab.linkeddata.es/datosabiertos/kos/urbanismo-infraestructuras/alumbrado-publico/tipo-lampara/led,CALLE DEL MAR CANTABRICO 2,20151214,Hortaleza,4,445533.91170000000,4480531.28910000000
FFLED005,http://vocab.linkeddata.es/datosabiertos/kos/urbanismo-infraestructuras/alumbrado-publico/tipo-lampara/led,PLAZA DEL DOCTOR CALVO PEREZ 3,11118973,Hortaleza,4,445534.57450000000,4480546.96080000000
FFLED005,http://vocab.linkeddata.es/datosabiertos/kos/urbanismo-infraestructuras/alumbrado-publico/tipo-lampara/led,PLAZA DEL DOCTOR CALVO PEREZ 8,11119264,Hortaleza,4,445545.78020000000,4480558.20310000000
FFLED005,http://vocab.linkeddata.es/datosabiertos/kos/urbanismo-infraestructuras/alumbrado-publico/tipo-lampara/led,CALLE DEL MAR DE KARA 42,11119198,Hortaleza,4,445443.4500000000,4480528.90420000000
FFLED005,http://vocab.linkeddata.es/datosabiertos/kos/urbanismo-infraestructuras/alumbrado-publico/tipo-lampara/led,CALLE DEL MAR DE KARA 32,11119024,Hortaleza,4,445434.86830000000,4480514.69970000000
FFLED005,http://vocab.linkeddata.es/datosabiertos/kos/urbanismo-infraestructuras/alumbrado-publico/tipo-lampara/led,CALLE DEL MAR DE KARA 44,11119200,Hortaleza,4,445450.25590000000,4480541.14860000000
FVLED002,http://vocab.linkeddata.es/datosabiertos/kos/urbanismo-infraestructuras/alumbrado-publico/tipo-lampara/led,CALLE DE ALCOBENDAS 6,31044503,Hortaleza,4,445577.90940000000,4480705.9540000000
FVLED002,http://vocab.linkeddata.es/datosabiertos/kos/urbanismo-infraestructuras/alumbrado-publico/tipo-lampara/led,CALLE DE LAS ERAS 9,11119314,Hortaleza,4,445577.5350000000,4480721.23770000000
LBE002,http://vocab.linkeddata.es/datosabiertos/kos/urbanismo-infraestructuras/alumbrado-publico/tipo-lampara/descarga,AVENIDA DE NICETO ALCALA ZAMORA 43,31038266,Hortaleza,6,444777.93120000000,4482959.77840000000
LBE002,http://vocab.linkeddata.es/datosabiertos/kos/urbanismo-infraestructuras/alumbrado-publico/tipo-lampara/descarga,CALLE DE OCTAVIO PAZ 39,31006723,Hortaleza,6,444744.36410000000,4482916.20500000000
LBE002,http://vocab.linkeddata.es/datosabiertos/kos/urbanismo-infraestructuras/alumbrado-publico/tipo-lampara/descarga,CALLE DE ISABEL CLARA EUGENIA 46,31006598,Hortaleza,6,444676.78420000000,4482839.59840000000
LBE002,http://vocab.linkeddata.es/datosabiertos/kos/urbanismo-infraestructuras/alumbrado-publico/tipo-lampara/descarga,CALLE DE AMERICO CASTRO 28,31018690,Hortaleza,6,444543.44280000000,4482986.66150000000
LBE002,http://vocab.linkeddata.es/datosabiertos/kos/urbanismo-infraestructuras/alumbrado-publico/tipo-lampara/descarga,CALLE DE ANA DE AUSTRIA 34,31003882,Hortaleza,6,444595.80290000000,4483048.93850000000
LBE002,http://vocab.linkeddata.es/datosabiertos/kos/urbanismo-infraestructuras/alumbrado-publico/tipo-lampara/descarga,CALLE DE OCTAVIO PAZ 39,31006723,Hortaleza,6,444729.50390000000,4482898.64540000000
LBE002,http://vocab.linkeddata.es/datosabiertos/kos/urbanismo-infraestructuras/alumbrado-publico/tipo-lampara/descarga,CALLE DE ANA DE AUSTRIA 34,31003883,Hortaleza,6,444611.61440000000,4483067.60750000000
LBE002,http://vocab.linkeddata.es/datosabiertos/kos/urbanismo-infraestructuras/alumbrado-publico/tipo-lampara/descarga,CALLE DE AMERICO CASTRO 30,31025674,Hortaleza,6,444629.1020000000,4483084.940000000
LBE002,http://vocab.linkeddata.es/datosabiertos/kos/urbanismo-infraestructuras/alumbrado-publico/tipo-lampara/descarga,CALLE DE OCTAVIO PAZ 41,31011656,Hortaleza,6,444763.20390000000,4482938.42050000000
LBE002,http://vocab.linkeddata.es/datosabiertos/kos/urbanismo-infraestructuras/alumbrado-publico/tipo-lampara/descarga,CALLE DE OCTAVIO PAZ 37,31006604,Hortaleza,6,444711.96720000000,4482877.26190000000
LBE002,http://vocab.linkeddata.es/datosabiertos/kos/urbanismo-infraestructuras/alumbrado-publico/tipo-lampara/descarga,CALLE DE AMERICO CASTRO 26,31018689,Hortaleza,6,444526.54540000000,4482966.13430000000
LBE002,http://vocab.linkeddata.es/datosabiertos/kos/urbanismo-infraestructuras/alumbrado-publico/tipo-lampara/descarga,CALLE DE OCTAVIO PAZ 37,31006604,Hortaleza,6,444694.4830000000,4482856.22750000000
LBE002,http://vocab.linkeddata.es/datosabiertos/kos/urbanismo-infraestructuras/alumbrado-publico/tipo-lampara/descarga,CALLE DE ANA DE AUSTRIA 34,31003881,Hortaleza,6,444578.27680000000,4483027.72940000000
LBE002,http://vocab.linkeddata.es/datosabiertos/kos/urbanismo-infraestructuras/alumbrado-publico/tipo-lampara/descarga,CALLE DE ANA DE AUSTRIA 34,31003880,Hortaleza,6,444561.30600000000,4483007.93710000000
LBE002,http://vocab.linkeddata.es/datosabiertos/kos/urbanismo-infraestructuras/alumbrado-publico/tipo-lampara/descarga,CALLE DE AMERICO CASTRO 12,31051695,Hortaleza,6,444391.77570000000,4482805.72500000000
LBE003,http://vocab.linkeddata.es/datosabiertos/kos/urbanismo-infraestructuras/alumbrado-publico/tipo-lampara/descarga,CALLE DE LUIS JIMENEZ DE ASUA 31,31017244,Hortaleza,6,444680.82460000000,4482815.7920000000
LBE003,http://vocab.linkeddata.es/datosabiertos/kos/urbanismo-infraestructuras/alumbrado-publico/tipo-lampara/descarga,CALLE DE ISABEL CLARA EUGENIA 44,31038265,Hortaleza,6,444735.35780000000,4482769.12340000000
LBE002,http://vocab.linkeddata.es/datosabiertos/kos/urbanismo-infraestructuras/alumbrado-publico/tipo-lampara/descarga,CALLE DE VICENTE BLASCO IBAÑEZ 31,31025661,Hortaleza,6,444664.63410000000,4482985.46890000000
LBE003,http://vocab.linkeddata.es/datosabiertos/kos/urbanismo-infraestructuras/alumbrado-publico/tipo-lampara/descarga,CALLE DE ISABEL CLARA EUGENIA 44,31038265,Hortaleza,6,444707.35970000000,4482792.70600000000
LBE003,http://vocab.linkeddata.es/datosabiertos/kos/urbanismo-infraestructuras/alumbrado-publico/tipo-lampara/descarga,CALLE DE ISABEL CLARA EUGENIA 39,31019690,Hortaleza,6,444740.30180000000,4482735.35870000000
LBE003,http://vocab.linkeddata.es/datosabiertos/kos/urbanismo-infraestructuras/alumbrado-publico/tipo-lampara/descarga,CALLE DE LUIS JIMENEZ DE ASUA 31,31017244,Hortaleza,6,444665.29320000000,4482797.92020000000
LBE002,http://vocab.linkeddata.es/datosabiertos/kos/urbanismo-infraestructuras/alumbrado-publico/tipo-lampara/descarga,CALLE DE VICENTE BLASCO IBAÑEZ 46,31006724,Hortaleza,6,444651.72060000000,4482951.29700000000
LBE003,http://vocab.linkeddata.es/datosabiertos/kos/urbanismo-infraestructuras/alumbrado-publico/tipo-lampara/descarga,CALLE DE ISABEL CLARA EUGENIA 35,31019692,Hortaleza,6,444783.67080000000,4482728.91980000000
LBE003,http://vocab.linkeddata.es/datosabiertos/kos/urbanismo-infraestructuras/alumbrado-publico/tipo-lampara/descarga,CALLE DE LUIS JIMENEZ DE ASUA 27,31017242,Hortaleza,6,444708.90660000000,4482761.49170000000
LBE002,http://vocab.linkeddata.es/datosabiertos/kos/urbanismo-infraestructuras/alumbrado-publico/tipo-lampara/descarga,CALLE DE VICENTE BLASCO IBAÑEZ 62,31011664,Hortaleza,6,444689.81760000000,4482996.60990000000
LBE003,http://vocab.linkeddata.es/datosabiertos/kos/urbanismo-infraestructuras/alumbrado-publico/tipo-lampara/descarga,CALLE DE LUIS JIMENEZ DE ASUA 29,31017243,Hortaleza,6,444684.45440000000,4482781.90030000000
LBE003,http://vocab.linkeddata.es/datosabiertos/kos/urbanismo-infraestructuras/alumbrado-publico/tipo-lampara/descarga,CALLE DE ISABEL CLARA EUGENIA 35,31019692,Hortaleza,6,444767.95480000000,4482712.13620000000
LBE003,http://vocab.linkeddata.es/datosabiertos/kos/urbanismo-infraestructuras/alumbrado-publico/tipo-lampara/descarga,CALLE DE ISABEL CLARA EUGENIA 44,31038265,Hortaleza,6,444755.14870000000,4482752.62650000000
LBE002,http://vocab.linkeddata.es/datosabiertos/kos/urbanismo-infraestructuras/alumbrado-publico/tipo-lampara/descarga,CALLE DE VICENTE BLASCO IBAÑEZ 37,31025664,Hortaleza,6,444621.10420000000,4482933.60940000000
LBE002,http://vocab.linkeddata.es/datosabiertos/kos/urbanismo-infraestructuras/alumbrado-publico/tipo-lampara/descarga,AVENIDA DE NICETO ALCALA ZAMORA 73,31007838,Hortaleza,6,444699.74570000000,4483027.60950000000
LBE002,http://vocab.linkeddata.es/datosabiertos/kos/urbanismo-infraestructuras/alumbrado-publico/tipo-lampara/descarga,CALLE DE ISABEL CLARA EUGENIA 47,31006651,Hortaleza,6,444511.8010000000,4482783.66290000000
LBE002,http://vocab.linkeddata.es/datosabiertos/kos/urbanismo-infraestructuras/alumbrado-publico/tipo-lampara/descarga,CALLE DE ISABEL CLARA EUGENIA 46,31006600,Hortaleza,6,444605.98280000000,4482897.17080000000
LBE003,http://vocab.linkeddata.es/datosabiertos/kos/urbanismo-infraestructuras/alumbrado-publico/tipo-lampara/descarga,CALLE DE ISABEL CLARA EUGENIA 61,31017489,Hortaleza,6,444492.48290000000,4482943.87080000000
LBE003,http://vocab.linkeddata.es/datosabiertos/kos/urbanismo-infraestructuras/alumbrado-publico/tipo-lampara/descarga,CALLE DE ANA DE AUSTRIA 34,31003878,Hortaleza,6,444507.21880000000,4482960.95140000000
LBE003,http://vocab.linkeddata.es/datosabiertos/kos/urbanismo-infraestructuras/alumbrado-publico/tipo-lampara/descarga,CALLE DE ANA DE AUSTRIA 32,31037818,Hortaleza,6,444450.48700000000,4482980.18500000000
LBE002,http://vocab.linkeddata.es/datosabiertos/kos/urbanismo-infraestructuras/alumbrado-publico/tipo-lampara/descarga,CALLE DE ISABEL CLARA EUGENIA 51,31009908,Hortaleza,6,444564.8540000000,4482865.62310000000
LBE003,http://vocab.linkeddata.es/datosabiertos/kos/urbanismo-infraestructuras/alumbrado-publico/tipo-lampara/descarga,CALLE DE ANA DE AUSTRIA 34,31003876,Hortaleza,6,444463.7200000000,4482995.81320000000
LBE003,http://vocab.linkeddata.es/datosabiertos/kos/urbanismo-infraestructuras/alumbrado-publico/tipo-lampara/descarga,CALLE DE AMERICO CASTRO 24,31009906,Hortaleza,6,444520.66060000000,4482919.76360000000
LBE003,http://vocab.linkeddata.es/datosabiertos/kos/urbanismo-infraestructuras/alumbrado-publico/tipo-lampara/descarga,CALLE DE ISABEL CLARA EUGENIA 50,31010250,Hortaleza,6,444577.83160000000,4482901.56010000000
LBE003,http://vocab.linkeddata.es/datosabiertos/kos/urbanismo-infraestructuras/alumbrado-publico/tipo-lampara/descarga,CALLE DE ISABEL CLARA EUGENIA 61,31017489,Hortaleza,6,444470.68780000000,4482961.66410000000
LBE002,http://vocab.linkeddata.es/datosabiertos/kos/urbanismo-infraestructuras/alumbrado-publico/tipo-lampara/descarga,CALLE DE VICENTE BLASCO IBAÑEZ 23,31019472,Hortaleza,6,444521.72550000000,4482814.84070000000
LBE002,http://vocab.linkeddata.es/datosabiertos/kos/urbanismo-infraestructuras/alumbrado-publico/tipo-lampara/descarga,CALLE DE VICENTE BLASCO IBAÑEZ 27,31009903,Hortaleza,6,444552.66940000000,4482833.16980000000
LBE002,http://vocab.linkeddata.es/datosabiertos/kos/urbanismo-infraestructuras/alumbrado-publico/tipo-lampara/descarga,CALLE DE OCTAVIO PAZ 36,31047878,Hortaleza,6,444641.5690000000,4482792.74960000000
LBE002,http://vocab.linkeddata.es/datosabiertos/kos/urbanismo-infraestructuras/alumbrado-publico/tipo-lampara/descarga,CALLE DE AMERICO CASTRO 18,31019473,Hortaleza,6,444459.90600000000,4482887.18370000000
LBE002,http://vocab.linkeddata.es/datosabiertos/kos/urbanismo-infraestructuras/alumbrado-publico/tipo-lampara/descarga,CALLE DE AMERICO CASTRO 24,31009906,Hortaleza,6,444491.25920000000,4482924.42390000000
LBE002,http://vocab.linkeddata.es/datosabiertos/kos/urbanismo-infraestructuras/alumbrado-publico/tipo-lampara/descarga,CALLE DE AMERICO CASTRO 16,31019474,Hortaleza,6,444442.11280000000,4482865.95090000000
LBE003,http://vocab.linkeddata.es/datosabiertos/kos/urbanismo-infraestructuras/alumbrado-publico/tipo-lampara/descarga,CALLE DE ANA DE AUSTRIA 34,31003877,Hortaleza,6,444486.74280000000,4482978.27730000000
LBE003,http://vocab.linkeddata.es/datosabiertos/kos/urbanismo-infraestructuras/alumbrado-publico/tipo-lampara/descarga,CALLE DE ISABEL CLARA EUGENIA 50,31010250,Hortaleza,6,444556.71130000000,4482919.49430000000
LBE003,http://vocab.linkeddata.es/datosabiertos/kos/urbanismo-infraestructuras/alumbrado-publico/tipo-lampara/descarga,CALLE DE ISABEL CLARA EUGENIA 49,31009907,Hortaleza,6,444563.68850000000,4482883.48260000000
LBE003,http://vocab.linkeddata.es/datosabiertos/kos/urbanismo-infraestructuras/alumbrado-publico/tipo-lampara/descarga,CALLE DE ISABEL CLARA EUGENIA 59,31009912,Hortaleza,6,444541.38560000000,4482902.9590000000
LBE003,http://vocab.linkeddata.es/datosabiertos/kos/urbanismo-infraestructuras/alumbrado-publico/tipo-lampara/descarga,CALLE DE ISABEL CLARA EUGENIA 50,31010250,Hortaleza,6,444535.39230000000,4482937.17310000000
LBE002,http://vocab.linkeddata.es/datosabiertos/kos/urbanismo-infraestructuras/alumbrado-publico/tipo-lampara/descarga,CALLE DE AMERICO CASTRO 22,31009905,Hortaleza,6,444475.71490000000,4482905.96920000000
LBE002,http://vocab.linkeddata.es/datosabiertos/kos/urbanismo-infraestructuras/alumbrado-publico/tipo-lampara/descarga,CALLE DE AMERICO CASTRO 14,31051696,Hortaleza,6,444426.50230000000,4482847.49620000000
LBE002,http://vocab.linkeddata.es/datosabiertos/kos/urbanismo-infraestructuras/alumbrado-publico/tipo-lampara/descarga,CALLE DE AMERICO CASTRO 12,31051695,Hortaleza,6,444407.81610000000,4482825.27110000000
LBE004,http://vocab.linkeddata.es/datosabiertos/kos/urbanismo-infraestructuras/alumbrado-publico/tipo-lampara/descarga,CALLE DE ANA DE AUSTRIA 34,31003876,Hortaleza,6,444475.86090000000,4483028.50230000000
LBE004,http://vocab.linkeddata.es/datosabiertos/kos/urbanismo-infraestructuras/alumbrado-publico/tipo-lampara/descarga,AVENIDA DE ISABEL DE VALOIS 66,31060312,Hortaleza,6,444506.15490000000,4483110.38040000000
LBE004,http://vocab.linkeddata.es/datosabiertos/kos/urbanismo-infraestructuras/alumbrado-publico/tipo-lampara/descarga,CALLE DE ANA DE AUSTRIA 36,31003889,Hortaleza,6,444502.25110000000,4483060.4230000000
LBE003,http://vocab.linkeddata.es/datosabiertos/kos/urbanismo-infraestructuras/alumbrado-publico/tipo-lampara/descarga,CALLE DE ANA DE AUSTRIA 49,31024639,Hortaleza,6,444420.38200000000,4483031.70670000000
LBE004,http://vocab.linkeddata.es/datosabiertos/kos/urbanismo-infraestructuras/alumbrado-publico/tipo-lampara/descarga,CALLE DE ANA DE AUSTRIA 47,31006033,Hortaleza,6,444451.90160000000,4483045.81670000000
LBE003,http://vocab.linkeddata.es/datosabiertos/kos/urbanismo-infraestructuras/alumbrado-publico/tipo-lampara/descarga,CALLE DE ISABEL CLARA EUGENIA 63,31017490,Hortaleza,6,444407.56470000000,4483016.23320000000
LBE004,http://vocab.linkeddata.es/datosabiertos/kos/urbanismo-infraestructuras/alumbrado-publico/tipo-lampara/descarga,CALLE DE ANA DE AUSTRIA 34,31003886,Hortaleza,6,444553.46560000000,4483120.56940000000
LBE004,http://vocab.linkeddata.es/datosabiertos/kos/urbanismo-infraestructuras/alumbrado-publico/tipo-lampara/descarga,CALLE DE ANA DE AUSTRIA 34,31041658,Hortaleza,6,444530.11860000000,4483093.14580000000
LBE004,http://vocab.linkeddata.es/datosabiertos/kos/urbanismo-infraestructuras/alumbrado-publico/tipo-lampara/descarga,CALLE DEL PRINCIPE CARLOS 54,31017503,Hortaleza,6,444374.14150000000,4482907.44450000000
LBE004,http://vocab.linkeddata.es/datosabiertos/kos/urbanismo-infraestructuras/alumbrado-publico/tipo-lampara/descarga,CALLE DE ANA DE AUSTRIA 32,31037818,Hortaleza,6,444401.90050000000,4482940.45250000000
LBE004,http://vocab.linkeddata.es/datosabiertos/kos/urbanismo-infraestructuras/alumbrado-publico/tipo-lampara/descarga,CALLE DE ANA DE AUSTRIA 32,31037818,Hortaleza,6,444400.97450000000,4482985.26670000000
LBE004,http://vocab.linkeddata.es/datosabiertos/kos/urbanismo-infraestructuras/alumbrado-publico/tipo-lampara/descarga,CALLE DE ANA DE AUSTRIA 32,31037818,Hortaleza,6,444377.81950000000,4482957.83490000000
LBE004,http://vocab.linkeddata.es/datosabiertos/kos/urbanismo-infraestructuras/alumbrado-publico/tipo-lampara/descarga,CALLE DE ANA DE AUSTRIA 32,31037818,Hortaleza,6,444425.24140000000,4482968.35350000000
LBE003,http://vocab.linkeddata.es/datosabiertos/kos/urbanismo-infraestructuras/alumbrado-publico/tipo-lampara/descarga,CALLE DE ISABEL CLARA EUGENIA 46,31041665,Hortaleza,6,444650.13030000000,4482841.16500000000
LBE003,http://vocab.linkeddata.es/datosabiertos/kos/urbanismo-infraestructuras/alumbrado-publico/tipo-lampara/descarga,CALLE DE ISABEL CLARA EUGENIA 47,31006655,Hortaleza,6,444592.71470000000,4482859.32450000000
LBE003,http://vocab.linkeddata.es/datosabiertos/kos/urbanismo-infraestructuras/alumbrado-publico/tipo-lampara/descarga,CALLE DE ISABEL CLARA EUGENIA 46,31041665,Hortaleza,6,444627.41460000000,4482860.7330000000
LBE004,http://vocab.linkeddata.es/datosabiertos/kos/urbanismo-infraestructuras/alumbrado-publico/tipo-lampara/descarga,CALLE DEL PRINCIPE CARLOS 56,31017504,Hortaleza,6,444349.87010000000,4482924.31980000000
LBE003,http://vocab.linkeddata.es/datosabiertos/kos/urbanismo-infraestructuras/alumbrado-publico/tipo-lampara/descarga,CALLE DE ISABEL CLARA EUGENIA 45,31041666,Hortaleza,6,444613.12050000000,4482842.2590000000
LBE003,http://vocab.linkeddata.es/datosabiertos/kos/urbanismo-infraestructuras/alumbrado-publico/tipo-lampara/descarga,CALLE DE ISABEL CLARA EUGENIA 45,31006647,Hortaleza,6,444634.58510000000,4482823.96290000000
LBE004,http://vocab.linkeddata.es/datosabiertos/kos/urbanismo-infraestructuras/alumbrado-publico/tipo-lampara/descarga,CALLE DEL PRINCIPE CARLOS 54,31017503,Hortaleza,6,444347.76640000000,4482876.26630000000
LBE004,http://vocab.linkeddata.es/datosabiertos/kos/urbanismo-infraestructuras/alumbrado-publico/tipo-lampara/descarga,CALLE DEL PRINCIPE CARLOS 56,31017504,Hortaleza,6,444324.12350000000,4482893.85560000000
LBE003,http://vocab.linkeddata.es/datosabiertos/kos/urbanismo-infraestructuras/alumbrado-publico/tipo-lampara/descarga,CALLE DE ISABEL CLARA EUGENIA 46,31006600,Hortaleza,6,444604.97790000000,4482878.70000000000
LBE004,http://vocab.linkeddata.es/datosabiertos/kos/urbanismo-infraestructuras/alumbrado-publico/tipo-lampara/descarga,CALLE DE ANA DE AUSTRIA 53,31041657,Hortaleza,6,444529.83520000000,4483138.39330000000
LBE004,http://vocab.linkeddata.es/datosabiertos/kos/urbanismo-infraestructuras/alumbrado-publico/tipo-lampara/descarga,CALLE DE ANA DE AUSTRIA 51,31037126,Hortaleza,6,444478.61500000000,4483077.91070000000
GLED001,http://vocab.linkeddata.es/datosabiertos/kos/urbanismo-infraestructuras/alumbrado-publico/tipo-lampara/led,CALLE DE GOMEZNARRO 140,11116135,Hortaleza,3,444965.69830000000,4479043.67730000000
LBE006,http://vocab.linkeddata.es/datosabiertos/kos/urbanismo-infraestructuras/alumbrado-publico/tipo-lampara/descarga,CALLE DE GOMEZNARRO 68,11116171,Hortaleza,3,444803.30170000000,4479041.5190000000
LBE006,http://vocab.linkeddata.es/datosabiertos/kos/urbanismo-infraestructuras/alumbrado-publico/tipo-lampara/descarga,CALLE DE GOMEZNARRO 42,11116184,Hortaleza,3,444747.40000000000,4479039.46130000000
LBE006,http://vocab.linkeddata.es/datosabiertos/kos/urbanismo-infraestructuras/alumbrado-publico/tipo-lampara/descarga,CALLE DE GOMEZNARRO 36,11116187,Hortaleza,3,444728.43830000000,4479070.65920000000
LBE006,http://vocab.linkeddata.es/datosabiertos/kos/urbanismo-infraestructuras/alumbrado-publico/tipo-lampara/descarga,CALLE DE GOMEZNARRO 70,11116170,Hortaleza,3,444801.34230000000,4479057.42740000000
GLED001,http://vocab.linkeddata.es/datosabiertos/kos/urbanismo-infraestructuras/alumbrado-publico/tipo-lampara/led,CALLE DE GOMEZNARRO 150,11116130,Hortaleza,3,444964.69400000000,4479070.64560000000
LBE002,http://vocab.linkeddata.es/datosabiertos/kos/urbanismo-infraestructuras/alumbrado-publico/tipo-lampara/descarga,CALLE DE GOMEZNARRO 61,11116304,Hortaleza,3,444928.17910000000,4479116.38960000000
LBE002,http://vocab.linkeddata.es/datosabiertos/kos/urbanismo-infraestructuras/alumbrado-publico/tipo-lampara/descarga,CALLE DE GOMEZNARRO 82,11116164,Hortaleza,3,444821.54270000000,4479102.51730000000
LBE002,http://vocab.linkeddata.es/datosabiertos/kos/urbanismo-infraestructuras/alumbrado-publico/tipo-lampara/descarga,CALLE DE GOMEZNARRO 90,11116160,Hortaleza,3,444900.90000000,4479115.13280000000
LBE002,http://vocab.linkeddata.es/datosabiertos/kos/urbanismo-infraestructuras/alumbrado-publico/tipo-lampara/descarga,CALLE DE GOMEZNARRO 72,11116169,Hortaleza,3,444774.65600000000,4479093.62970000000
LBE002,http://vocab.linkeddata.es/datosabiertos/kos/urbanismo-infraestructuras/alumbrado-publico/tipo-lampara/descarga,CALLE DE BECERRIL DE LA SIERRA 1,20174969,Hortaleza,3,444798.46680000000,4479098.100000000
LBE002,http://vocab.linkeddata.es/datosabiertos/kos/urbanismo-infraestructuras/alumbrado-publico/tipo-lampara/descarga,CALLE DE GOMEZNARRO 88,11116161,Hortaleza,3,444879.98960000000,4479114.2910000000
LBE002,http://vocab.linkeddata.es/datosabiertos/kos/urbanismo-infraestructuras/alumbrado-publico/tipo-lampara/descarga,CALLE DE GOMEZNARRO 37,11115886,Hortaleza,3,444749.62910000000,4479088.85350000000
LBE002,http://vocab.linkeddata.es/datosabiertos/kos/urbanismo-infraestructuras/alumbrado-publico/tipo-lampara/descarga,CALLE DE GOMEZNARRO 86,11116162,Hortaleza,3,444852.37410000000,4479108.84230000000
LBE006,http://vocab.linkeddata.es/datosabiertos/kos/urbanismo-infraestructuras/alumbrado-publico/tipo-lampara/descarga,CALLE DE GOMEZNARRO 64,11116173,Hortaleza,3,444772.69340000000,4479039.93910000000
GLED004,http://vocab.linkeddata.es/datosabiertos/kos/urbanismo-infraestructuras/alumbrado-publico/tipo-lampara/led,CALLE DE GOMEZNARRO 20,11116195,Hortaleza,3,444697.40590000000,4479024.14970000000
LBE006,http://vocab.linkeddata.es/datosabiertos/kos/urbanismo-infraestructuras/alumbrado-publico/tipo-lampara/descarga,CALLE DE GOMEZNARRO 32,11116189,Hortaleza,3,444729.56600000000,4479038.61170000000
LBE006,http://vocab.linkeddata.es/datosabiertos/kos/urbanismo-infraestructuras/alumbrado-publico/tipo-lampara/descarga,CALLE DE GOMEZNARRO 36,11116187,Hortaleza,3,444731.70670000000,4479076.40020000000
GLED004,http://vocab.linkeddata.es/datosabiertos/kos/urbanismo-infraestructuras/alumbrado-publico/tipo-lampara/led,CALLE DE GOMEZNARRO 38,11116186,Hortaleza,3,444748.46860000000,4479076.86430000000
GLED001,http://vocab.linkeddata.es/datosabiertos/kos/urbanismo-infraestructuras/alumbrado-publico/tipo-lampara/led,CALLE DE GOMEZNARRO 70,11116170,Hortaleza,3,444788.15330000000,4479066.40000000
LBE006,http://vocab.linkeddata.es/datosabiertos/kos/urbanismo-infraestructuras/alumbrado-publico/tipo-lampara/descarga,CALLE DE GOMEZNARRO 74,11116168,Hortaleza,3,444795.67070000000,4479078.29010000000
GLED001,http://vocab.linkeddata.es/datosabiertos/kos/urbanismo-infraestructuras/alumbrado-publico/tipo-lampara/led,CALLE DE GOMEZNARRO 134,11116138,Hortaleza,3,444981.2740000000,4479024.96000000000
GLED004,http://vocab.linkeddata.es/datosabiertos/kos/urbanismo-infraestructuras/alumbrado-publico/tipo-lampara/led,CALLE DE GOMEZNARRO 24,11116193,Hortaleza,3,444712.42400000000,4479024.73030000000
LBE002,http://vocab.linkeddata.es/datosabiertos/kos/urbanismo-infraestructuras/alumbrado-publico/tipo-lampara/descarga,CALLE DE GOMEZNARRO 6,11116202,Hortaleza,3,444702.9960000000,4479062.81220000000
GLED001,http://vocab.linkeddata.es/datosabiertos/kos/urbanismo-infraestructuras/alumbrado-publico/tipo-lampara/led,CALLE DE GOMEZNARRO 128,11116141,Hortaleza,3,444930.32260000000,4479022.12670000000
LBE006,http://vocab.linkeddata.es/datosabiertos/kos/urbanismo-infraestructuras/alumbrado-publico/tipo-lampara/descarga,CALLE DE GOMEZNARRO 66,11116172,Hortaleza,3,444787.70000000000,4479040.50000000000
LBE006,http://vocab.linkeddata.es/datosabiertos/kos/urbanismo-infraestructuras/alumbrado-publico/tipo-lampara/descarga,CALLE DE GOMEZNARRO 12,11116199,Hortaleza,3,444692.3940000000,4479037.1870000000
GLED004,http://vocab.linkeddata.es/datosabiertos/kos/urbanismo-infraestructuras/alumbrado-publico/tipo-lampara/led,CALLE DE GOMEZNARRO 58,11116176,Hortaleza,3,444791.85280000000,4479027.71330000000
GLED004,http://vocab.linkeddata.es/datosabiertos/kos/urbanismo-infraestructuras/alumbrado-publico/tipo-lampara/led,CALLE DE GOMEZNARRO 74,11116168,Hortaleza,3,444785.38430000000,4479075.3300000000
GLED004,http://vocab.linkeddata.es/datosabiertos/kos/urbanismo-infraestructuras/alumbrado-publico/tipo-lampara/led,CALLE DE GOMEZNARRO 48,11116181,Hortaleza,3,444760.13600000000,4479026.49530000000
GLED004,http://vocab.linkeddata.es/datosabiertos/kos/urbanismo-infraestructuras/alumbrado-publico/tipo-lampara/led,CALLE DE GOMEZNARRO 72,11116169,Hortaleza,3,444779.36740000000,4479080.80480000000
LBE006,http://vocab.linkeddata.es/datosabiertos/kos/urbanismo-infraestructuras/alumbrado-publico/tipo-lampara/descarga,CALLE DE GOMEZNARRO 34,11116188,Hortaleza,3,444729.3960000000,4479053.19260000000
LBE006,http://vocab.linkeddata.es/datosabiertos/kos/urbanismo-infraestructuras/alumbrado-publico/tipo-lampara/descarga,CALLE DE GOMEZNARRO 14,11116198,Hortaleza,3,444707.83750000000,4479037.55650000000
LBE006,http://vocab.linkeddata.es/datosabiertos/kos/urbanismo-infraestructuras/alumbrado-publico/tipo-lampara/descarga,CALLE DE GOMEZNARRO 4,11116203,Hortaleza,3,444672.41940000000,4479052.17570000000
GLED004,http://vocab.linkeddata.es/datosabiertos/kos/urbanismo-infraestructuras/alumbrado-publico/tipo-lampara/led,CALLE DE GOMEZNARRO 60,11116175,Hortaleza,3,444806.66380000000,4479028.25190000000
GLED004,http://vocab.linkeddata.es/datosabiertos/kos/urbanismo-infraestructuras/alumbrado-publico/tipo-lampara/led,CALLE DE GOMEZNARRO 46,11116182,Hortaleza,3,444744.86110000000,4479025.90250000000
LBE006,http://vocab.linkeddata.es/datosabiertos/kos/urbanismo-infraestructuras/alumbrado-publico/tipo-lampara/descarga,CALLE DE GOMEZNARRO 74,11116168,Hortaleza,3,444800.72010000000,4479075.73690000000
GLED004,http://vocab.linkeddata.es/datosabiertos/kos/urbanismo-infraestructuras/alumbrado-publico/tipo-lampara/led,CALLE DE GOMEZNARRO 72,11116169,Hortaleza,3,444763.99330000000,4479080.92790000000
GLED004,http://vocab.linkeddata.es/datosabiertos/kos/urbanismo-infraestructuras/alumbrado-publico/tipo-lampara/led,CALLE DE GOMEZNARRO 28,11116191,Hortaleza,3,444729.2090000000,4479025.33400000000
GLED001,http://vocab.linkeddata.es/datosabiertos/kos/urbanismo-infraestructuras/alumbrado-publico/tipo-lampara/led,CALLE DE GOMEZNARRO 130,11116140,Hortaleza,3,444941.66280000000,4479022.77750000000
GLED001,http://vocab.linkeddata.es/datosabiertos/kos/urbanismo-infraestructuras/alumbrado-publico/tipo-lampara/led,CALLE DE GOMEZNARRO 122,11116144,Hortaleza,3,444903.60000000000,4479105.40990000000
GLED001,http://vocab.linkeddata.es/datosabiertos/kos/urbanismo-infraestructuras/alumbrado-publico/tipo-lampara/led,CALLE DE GOMEZNARRO 132,11116139,Hortaleza,3,444954.95670000000,4479023.54100000000
GLED004,http://vocab.linkeddata.es/datosabiertos/kos/urbanismo-infraestructuras/alumbrado-publico/tipo-lampara/led,CALLE DE GOMEZNARRO 16,11116197,Hortaleza,3,444682.60810000000,4479023.57580000000
LBE006,http://vocab.linkeddata.es/datosabiertos/kos/urbanismo-infraestructuras/alumbrado-publico/tipo-lampara/descarga,CALLE DE GOMEZNARRO 10,11116200,Hortaleza,3,444677.52680000000,4479036.53220000000
GLED001,http://vocab.linkeddata.es/datosabiertos/kos/urbanismo-infraestructuras/alumbrado-publico/tipo-lampara/led,CALLE DE GOMEZNARRO 150,11116130,Hortaleza,3,444975.34830000000,4479076.31260000000
LBE006,http://vocab.linkeddata.es/datosabiertos/kos/urbanismo-infraestructuras/alumbrado-publico/tipo-lampara/descarga,CALLE DE GOMEZNARRO 38,11116186,Hortaleza,3,444746.26500000000,4479070.98650000000
LBE006,http://vocab.linkeddata.es/datosabiertos/kos/urbanismo-infraestructuras/alumbrado-publico/tipo-lampara/descarga,CALLE DE GOMEZNARRO 40,11116185,Hortaleza,3,444746.85890000000,4479055.77920000000
GLED004,http://vocab.linkeddata.es/datosabiertos/kos/urbanismo-infraestructuras/alumbrado-publico/tipo-lampara/led,CALLE DE GOMEZNARRO 54,11116178,Hortaleza,3,444776.27740000000,4479027.12360000000
GLED004,http://vocab.linkeddata.es/datosabiertos/kos/urbanismo-infraestructuras/alumbrado-publico/tipo-lampara/led,CALLE DE GOMEZNARRO 70,11116170,Hortaleza,3,444786.4330000000,4479056.95560000000
GLED004,http://vocab.linkeddata.es/datosabiertos/kos/urbanismo-infraestructuras/alumbrado-publico/tipo-lampara/led,CALLE DE GOMEZNARRO 72,11116169,Hortaleza,3,444771.66180000000,4479077.54550000000
GLED001,http://vocab.linkeddata.es/datosabiertos/kos/urbanismo-infraestructuras/alumbrado-publico/tipo-lampara/led,CALLE DE GOMEZNARRO 132,11116139,Hortaleza,3,444968.48630000000,4479024.27740000000
GLED001,http://vocab.linkeddata.es/datosabiertos/kos/urbanismo-infraestructuras/alumbrado-publico/tipo-lampara/led,CALLE DE GOMEZNARRO 70,11116170,Hortaleza,3,444798.99010000000,4479066.38240000000
GLED001,http://vocab.linkeddata.es/datosabiertos/kos/urbanismo-infraestructuras/alumbrado-publico/tipo-lampara/led,CALLE DE GOMEZNARRO 8,11116201,Hortaleza,3,444709.51440000000,4479063.26170000000
LBE002,http://vocab.linkeddata.es/datosabiertos/kos/urbanismo-infraestructuras/alumbrado-publico/tipo-lampara/descarga,CALLE DE GOMEZNARRO 29,20106766,Hortaleza,3,444733.62020000000,4479084.71700000000
LBE002,http://vocab.linkeddata.es/datosabiertos/kos/urbanismo-infraestructuras/alumbrado-publico/tipo-lampara/descarga,CALLE DE GOMEZNARRO 2,11116204,Hortaleza,3,444701.29380000000,4479076.36420000000
LBE002,http://vocab.linkeddata.es/datosabiertos/kos/urbanismo-infraestructuras/alumbrado-publico/tipo-lampara/descarga,CALLE DE GOMEZNARRO 150,11116130,Hortaleza,3,444985.89140000000,4479080.7540000000
LBE002,http://vocab.linkeddata.es/datosabiertos/kos/urbanismo-infraestructuras/alumbrado-publico/tipo-lampara/descarga,CALLE DE GOMEZNARRO 61,11116304,Hortaleza,3,444944.35170000000,4479111.79240000000
LBE002,http://vocab.linkeddata.es/datosabiertos/kos/urbanismo-infraestructuras/alumbrado-publico/tipo-lampara/descarga,CALLE DE GOMEZNARRO 71,11116299,Hortaleza,3,444965.97310000000,4479097.30420000000
LBE002,http://vocab.linkeddata.es/datosabiertos/kos/urbanismo-infraestructuras/alumbrado-publico/tipo-lampara/descarga,CALLE DE GOMEZNARRO 84,11116163,Hortaleza,3,444840.60290000000,4479087.16220000000
GLED001,http://vocab.linkeddata.es/datosabiertos/kos/urbanismo-infraestructuras/alumbrado-publico/tipo-lampara/led,CALLE DE GOMEZNARRO 100,11116155,Hortaleza,3,444857.70670000000,4479030.75680000000
GLED001,http://vocab.linkeddata.es/datosabiertos/kos/urbanismo-infraestructuras/alumbrado-publico/tipo-lampara/led,CALLE DE GOMEZNARRO 76,11116167,Hortaleza,3,444821.99300000000,4479029.31440000000
GLED001,http://vocab.linkeddata.es/datosabiertos/kos/urbanismo-infraestructuras/alumbrado-publico/tipo-lampara/led,CALLE DE GOMEZNARRO 138,11116136,Hortaleza,3,444943.41190000000,4479043.2260000000
GLED001,http://vocab.linkeddata.es/datosabiertos/kos/urbanismo-infraestructuras/alumbrado-publico/tipo-lampara/led,CALLE DE GOMEZNARRO 114,11116148,Hortaleza,3,444905.16220000000,4479026.22450000000
GLED001,http://vocab.linkeddata.es/datosabiertos/kos/urbanismo-infraestructuras/alumbrado-publico/tipo-lampara/led,CALLE DE GOMEZNARRO 104,11116153,Hortaleza,3,444892.58050000000,4479012.79260000000
GLED001,http://vocab.linkeddata.es/datosabiertos/kos/urbanismo-infraestructuras/alumbrado-publico/tipo-lampara/led,CALLE DE GOMEZNARRO 146,11116132,Hortaleza,3,444942.41810000000,4479064.43620000000
GLED001,http://vocab.linkeddata.es/datosabiertos/kos/urbanismo-infraestructuras/alumbrado-publico/tipo-lampara/led,CALLE DE GOMEZNARRO 112,11116149,Hortaleza,3,444905.79040000000,4479011.61400000000
GLED001,http://vocab.linkeddata.es/datosabiertos/kos/urbanismo-infraestructuras/alumbrado-publico/tipo-lampara/led,CALLE DE GOMEZNARRO 86,11116162,Hortaleza,3,444853.89490000000,4479089.40700000000
GLED001,http://vocab.linkeddata.es/datosabiertos/kos/urbanismo-infraestructuras/alumbrado-publico/tipo-lampara/led,CALLE DE GOMEZNARRO 94,11116158,Hortaleza,3,444865.9420000000,4479071.91060000000
GLED001,http://vocab.linkeddata.es/datosabiertos/kos/urbanismo-infraestructuras/alumbrado-publico/tipo-lampara/led,CALLE DE GOMEZNARRO 122,11116144,Hortaleza,3,444917.72340000000,4479107.41800000000
